,AAPL,GOOG,MSFT
AAPL,1.0,0.6736738848211605,0.7492411413173551
GOOG,0.6736738848211605,1.0,0.763431438775886
MSFT,0.7492411413173551,0.763431438775886,1.0
